"MenuCode","MenuName","ScreenType","RouteName","RoutePath","IsActive","IsVisible"
"01001","Partner","1","partner","/support/partner","True","True"
"01002","ลูกค้า","1","company","/support/company","False","False"
"01003","สาขา","1","branch","/support/branch","False","False"
"01004","ข้อมูลด้านเทคนิค","3","technicalInfo","/support/technical-info","True","True"
"01005","กำหนดค่าส่วนกลาง","2","globalSettings","/support/global-settings","True","True"
"01006","กำหนดค่าสิทธิ์ส่วนกลาง","2","globalPermissionSettings","/support/global-permission-settings","True","True"
"01007","จัดการเมนูระบบ","2","laooMenuManagement","/support/menu-management","True","True"
"02001","Laoo","1","laooUser","/support/laoo-user","True","True"
"02002","Partner","1","partnerUser","/support/partner-user","True","True"
"02003","ลูกค้า","1","companyUser","/support/company-user","True","True"
"03001","Module","1","module","/support/module","True","True"
"03002","Customer Module","2","customerModule","/support/customer-module","True","True"
"03003","Role / Permission","2","permission","/support/permission","True","True"
"04001","Audit Log","3","audit","/support/audit","True","True"
"04002","Login Log","3","loginLog","/support/login-log","True","True"
"05001","กำหนดค่าระบบ","2","companySetup","/support/company-setup","True","True"
"05002","รหัสพื้นฐาน","1","masterData","/master-data","True","True"
"05003","กำหนดค่าระบบเพิ่มเติม","2","companySetupAdditional","/support/company-setup-additional","True","True"
"06001","ลูกค้า","1","partnerCompanies","/partner/companies","True","True"
"06002","สาขา","1","partnerBranches","/partner/branches","True","True"
"07001","ผู้ใช้งานบริษัท","2","partnerUsers","/partner/users","True","True"
"08001","ข้อมูลสินค้า","1","companyProducts","/company/products","True","True"
"08002","รายการอะไหล่และวัสดุ","1","inventoryItems","/inventory/items","True","True"
"08003","เบิก-จ่ายอะไหล่ตามใบงาน","1","inventoryUsage","/inventory/usage","True","True"
"08004","คลังสินค้า","1","warehouses","/inventory/warehouses","True","True"
"08005","รับสินค้าเข้าคลัง","4","stockReceipts","/inventory/stock-receipts","True","True"
"08006","ทะเบียน SN/อุปกรณ์","1","itemInstances","/inventory/item-instances","True","True"
"08007","ผู้ขาย","1","companyVendors","/company/vendors","True","True"
"09001","ข้อมูลลูกค้า","1","companyCustomers","/company/customers","True","True"
"09002","สาขา","1","companyBranches","/company/branches","True","False"
"09003","ใบเสนอราคา","4","companyQuotations","/company/quotations","True","True"
"09004","ใบรับจองสินค้า","4","companyPreOrders","/company/pre-orders","True","True"
"09005","ใบเสร็จรับเงินชั่วคราว","4","companyTemporaryReceipts","/company/temporary-receipts","True","True"
"09006","ใบส่งของ","4","companyDeliveryNotes","/company/delivery-notes","True","True"
"09007","ใบกำกับภาษี","4","companyTaxInvoices","/company/tax-invoices","True","True"
"10001","พนักงาน","1","companyEmployees","/company/employees","True","True"
"10003","กลุ่มสิทธิ์","1","companyRoleGroups","/company/role-groups","True","True"
"10004","สิทธิ์เมนู","2","companyMenuPermissions","/company/menu-permissions","True","True"
"10005","โครงสร้างองค์กร","1","organizationStructure","/organization-structure","True","True"
"10006","สิทธิ์ระดับย่อย","2","companySubPermissions","/company/sub-permissions","True","True"
"10007","กำหนดผู้บังคับบัญชา","2","companySupervisors","/company/supervisors","True","True"
"11001","พนักงาน","1","partnerEmployees","/partner/employees","True","True"
"11003","กลุ่มสิทธิ์","1","partnerRoleGroups","/partner/role-groups","True","True"
"11004","สิทธิ์เมนู","2","partnerMenuPermissions","/partner/menu-permissions","True","True"
"11005","โครงสร้างองค์กร","1","organizationStructure","/organization-structure","True","True"
"12001","พนักงานของ Customer","1","customerEmployees","/partner/customer-employees","True","True"
"12003","กลุ่มสิทธิ์","1","laooRoleGroups","/support/role-groups","False","False"
"12004","สิทธิ์เมนู","1","laooMenuPermissions","/support/menu-permissions","False","False"
"12005","โครงสร้างองค์กร","1","organizationStructure","/organization-structure","False","False"
"13001","สาขา","1","companyBranches","/company/branches","True","True"
"13002","ทะเบียนบุคคล","3","companyPersons","/company/persons","True","True"
"14001","ผังสถานที่และพื้นที่","1","assetLocations","/asset/locations","True","True"
"14002","ทะเบียนอุปกรณ์และ QR Code","1","assetItems","/asset/items","True","True"
"14003","ทะเบียนลูกค้าภายนอก","1","assetCustomers","/asset/customers","True","True"
"14004","ทะเบียนบุคคล","1","servicePersons","/service/persons","True","True"
"14005","ทะเบียนผู้ใช้บริการ","1","serviceCustomers","/service/customers","True","True"
"14006","ทะเบียนผู้พักอาศัย","1","serviceResidents","/service/residents","True","True"
"15001","รายการแจ้งซ่อมทั้งหมด","1","cmTickets","/cm/tickets","True","True"
"15002","จัดการ QR Code แจ้งซ่อม","1","cmQrPortal","/cm/qr-portal","True","True"
"16001","แผนและรอบเวลา PM","1","pmPlans","/pm/plans","True","True"
"16002","รายการตรวจเช็กมาตรฐาน","1","pmChecklists","/pm/checklists","True","True"
"16003","ปฏิทินงานบำรุงรักษา","1","pmCalendar","/pm/calendar","True","True"
"17001","กระดานจ่ายงานช่าง","1","jobDispatch","/jobs/dispatch","True","True"
"17002","ทะเบียนใบงานทั้งหมด","1","jobWorkOrders","/jobs/work-orders","True","True"
"17003","บันทึกปิดงานและตรวจรับ","1","jobCloseout","/jobs/closeout","True","True"
"18001","ตั้งค่าระบบบริการ","2","serviceSettings","/company/service-settings","True","True"
"19001","แดชบอร์ดภาพรวมงานบริการ","3","reportsDashboard","/reports/dashboard","True","True"
"19002","ประวัติการซ่อมและค่าใช้จ่าย","3","reportsHistory","/reports/history","True","True"
"19003","รายงานผลประเมินความพึงพอใจ","3","reportsSatisfaction","/reports/satisfaction","True","True"
"20001","แจ้งซ่อม / ขอใช้บริการ","1","portalRequest","/portal/request","True","True"
"20002","ติดตามสถานะงานซ่อม","1","portalTracking","/portal/tracking","True","True"
"20003","ประวัติการซ่อมและค่าบริการ","1","portalHistory","/portal/history","True","True"
"20004","รอบบำรุงรักษาของห้อง","1","portalPmSchedule","/portal/pm-schedule","True","True"
"20005","ประเมินความพึงพอใจ","1","portalEvaluation","/portal/evaluation","True","True"
"20006","แจ้งเรื่องร้องเรียน","1","portalComplaint","/portal/complaint","True","True"
"21001","จองห้องประชุม","1","meetingRoomBookings","/company/meeting-room-bookings","True","True"
"21002","ปฏิทินห้องประชุม","3","meetingRoomCalendar","/company/meeting-room-calendar","True","True"
"21003","การเชิญของฉัน","2","meetingInvitationRsvp","/company/meeting-invitations","True","True"
"21004","รายการรออนุมัติห้องประชุม","2","meetingRoomApprovals","/company/meeting-room-approvals","True","True"
"21005","เมนูอาหารสำหรับการประชุม","1","meetingFoodPlans","/company/meeting-food-plans","True","False"
"21006","สรุปการสั่งอาหาร","3","meetingFoodOrderSummary","/company/meeting-food-order-summary","True","True"
"21007","แจกอาหาร","2","meetingFoodDistribution","/company/meeting-food-distribution","True","True"
"22001","เช็กอินและคืนห้อง","2","roomCheckIn","/company/room-check-in","True","True"
"22002","งานเตรียมห้องและอุปกรณ์","2","roomSupportTasks","/company/room-support-tasks","True","True"
"22003","แจ้งปัญหาห้องประชุม","1","roomIssues","/company/room-issues","True","True"
"22004","รายการเช็คชื่อ","2","meetingAttendance","/company/meeting-attendance","True","True"
"22005","คำขออุปกรณ์เพิ่มเติม","2","meetingEquipmentRequests","/company/meeting-equipment-requests","True","True"
"22006","ตั้งค่าระบบห้องประชุม","2","meetingSystemSettings","/company/meeting-system-settings","True","True"
"23001","อาคารและชั้น","1","meetingBuildings","/company/meeting-buildings","True","True"
"23002","ห้องประชุม","1","meetingRooms","/company/meeting-rooms","True","True"
"23003","อุปกรณ์ห้องประชุม","1","meetingFacilities","/company/meeting-facilities","True","True"
"23004","รายการอาหาร","1","meetingFoods","/company/meeting-foods","True","True"
"24001","รายงานการใช้ห้อง","3","meetingRoomUtilizationReport","/company/reports/meeting-room-utilization","True","True"
"24002","รายงาน No-show","3","meetingNoShowReport","/company/reports/meeting-no-show","True","True"
"24003","ผลประเมินห้องประชุม","3","meetingFeedbackReport","/company/reports/meeting-feedback","True","True"
"25001","ตรวจสอบข้อมูลลงเวลา Raw","3","timeAttendanceEvents","/company/time-attendance-events","True","True"
"25002","ผลการลงเวลารายวัน","3","timeAttendanceResults","/company/time-attendance-results","True","True"
"25003","สร้าง Export Payroll","4","timePayrollExport","/company/time-payroll-export","True","True"
"25004","ประวัติ Export Payroll","3","timePayrollExportHistory","/company/time-payroll-export-history","True","True"
"26001","คำขอปรับเวลา","4","timeCorrectionProxy","/company/time-corrections","True","True"
"26002","กล่องอนุมัติคำขอเวลา","3","timeApprovalInbox","/company/time-approval-inbox","True","True"
"26003","คำขอลา","4","timeLeaveRequests","/company/time-leave-requests","True","True"
"26004","กล่องอนุมัติคำขอลา","3","timeLeaveApprovalInbox","/company/time-leave-approval-inbox","True","True"
"27001","Master กะทำงาน","1","timeShiftTemplates","/company/time-shift-templates","True","True"
"27002","กลุ่มตารางทำงาน","1","timeScheduleGroups","/company/time-schedule-groups","True","True"
"27003","รูปแบบหมุนกะ","1","timeRotationPatterns","/company/time-rotation-patterns","True","True"
"27004","จัดตารางพนักงาน","1","timeEmployeeSchedules","/company/time-employee-schedules","True","True"
"28001","พนักงาน–ลงเวลาทำงาน","2","timeEmployeeSettings","/company/time-employee-settings","True","True"
"28002","กำหนดค่าระบบเวลา","2","timeSystemSettings","/company/time-system-settings","True","True"
"28003","เหตุผลทำแทน","1","timeOnBehalfReasons","/company/time-on-behalf-reasons","True","True"
"28004","เหตุผลปรับเวลา","1","timeAdjustmentReasons","/company/time-adjustment-reasons","True","True"
"28005","ปฏิทินวันหยุดบริษัท","1","timeHolidayCalendars","/company/time-holiday-calendars","True","True"
"28006","วันหยุดในปฏิทิน","1","timeHolidayDates","/company/time-holiday-dates","True","True"
"28007","ปฏิทินวันหยุดสาขา","1","timeBranchHolidayCalendars","/company/time-branch-holiday-calendars","True","True"
"28008","ข้อยกเว้นวันหยุดสาขา","1","timeBranchHolidayExceptions","/company/time-branch-holiday-exceptions","True","True"
"28009","ประเภทการลา","1","timeLeaveTypes","/company/time-leave-types","True","True"
"28010","เกณฑ์สิทธิ์การลา","1","timeLeaveEntitlementPolicies","/company/time-leave-entitlement-policies","True","True"
"28011","สิทธิ์ลาคงเหลือ","3","timeLeaveBalances","/company/time-leave-balances","True","True"
"28012","รายงานสิทธิ์และการลา","3","timeLeaveReport","/company/time-leave-report","True","True"
"28013","รูปแบบ Export Payroll","1","timePayrollExportProfiles","/company/time-payroll-export-profiles","True","True"
"29001","รูปแบบงวดลงเวลา       ","1","timeAttendancePeriodSchemes","/company/time-attendance-period-schemes","True","True"
"29002","ผูกพนักงานกับงวดลงเวลา","4","timeAttendancePeriodAssignments","/company/time-attendance-period-assignments","True","True"
"29003","ตรวจสอบและปิดงวดลงเวลา","3","timeAttendancePeriods","/company/time-attendance-periods","True","True"
"29004","รายงานสรุปผลลงเวลา","3","timeAttendanceSummaryReport","/company/time-attendance-summary-report","True","True"
"30001","คำขอปรับเวลาของฉัน","4","myTimeCorrections","/company/my-time-corrections","True","True"
"30002","ประวัติการลงเวลาของฉัน","3","myAttendanceHistory","/company/my-attendance-history","True","True"
"30003","คำขอลาของฉัน","4","myLeaveRequests","/company/my-leave-requests","True","True"
"30004","สิทธิ์ลาคงเหลือของฉัน","3","myLeaveBalance","/company/my-leave-balance","True","True"
"31001","ภาพรวมการปฏิบัติงาน","3","gateDashboard","/visitor/gate-dashboard","False","True"
"31002","รับผู้มาติดต่อ","1","visitorCheckIn","/visitor/check-in","True","True"
"31003","ผู้มาติดต่อภายใน","3","visitorInside","/visitor/inside","False","True"
"31004","บันทึกผู้มาติดต่อออก","2","gateCheckOut","/visitor/check-out","False","True"
"31005","ประวัติผู้มาติดต่อ","3","visitorHistory","/visitor/history","False","True"
"32001","เธเธฑเธ”เธซเธกเธฒเธขเธฅเนเธงเธเธซเธเนเธฒ","1","preRegister","/visitor/pre-register","True","True"
"32002","เธชเธ–เธฒเธเธฐเธเธฒเธฃเธญเธเธธเธกเธฑเธ•เธด","3","approvalStatus","/visitor/approval-status","True","True"
"32003","ยืนยันการเข้าพบ","2","hostConfirm","/visitor/host-confirm","True","True"
"33001","กำหนดจุดติดต่อ","1","siteZoneGate","/visitor/site-zone-gate","True","True"
"33002","พื้นที่พักอาศัย","1","residentialMaster","/visitor/residential","False","True"
"33003","สถานประกอบการ","1","corporateMaster","/visitor/corporate","False","True"
"33004","ข้อมูลหลักทั่วไป","1","commonMaster","/visitor/common-master","False","True"
"34001","ภาพรวมระบบ","3","adminDashboard","/visitor/admin-dashboard","False","True"
"34002","รายงานผู้มาติดต่อ","3","visitorReports","/visitor/reports","False","True"
"34003","รายการผิดปกติ","3","visitorExceptions","/visitor/exceptions","True","True"
"34004","ลำดับเหตุการณ์","3","visitTimeline","/visitor/timeline","False","True"
"35001","การแจ้งเตือน","3","notifications","/visitor/notifications","False","True"
"35002","ประวัติการส่ง","3","notificationHistory","/visitor/notification-history","False","True"
"35003","ช่องทางการแจ้งเตือน","2","notificationChannels","/visitor/notification-channels","False","True"
"36001","บันทึกการตรวจสอบ","3","visitorAudit","/visitor/audit","False","True"
"36002","รายการเฝ้าระวัง / ห้ามเข้า","1","visitorWatchlist","/visitor/watchlist","False","True"
"36003","นโยบายเก็บรักษาข้อมูล","2","retentionPolicy","/visitor/retention-policy","False","True"
"36004","ตั้งค่าระบบผู้มาติดต่อ","2","visitorSystemSettings","/visitor/system-settings","True","True"
"37001","ประเภทการอบรม","1","trainingTypes","/company/training-types","True","True"
"37002","วิทยากร","1","trainingInstructors","/company/training-instructors","True","True"
"37003","ชุดแบบทดสอบอบรม","1","trainingTestTemplates","/company/training-test-templates","True","True"
"37004","ตั้งค่าระบบอบรม","2","trainingSettings","/company/training-settings","True","True"
"37005","ผลการอบรม","3","trainingResults","/company/training-results","True","True"
"37006","การอบรมของฉัน","3","myTraining","/company/my-training","True","True"
"38001","ตั้งค่าระบบนำทรัพย์สินออก","2","gatePassSettings","/company/gate-pass-settings","True","True"
"38002","วัตถุประสงค์การนำออก","1","gatePassPurposes","/company/gate-pass-purposes","True","True"
"38003","ใบขอนำทรัพย์สินออก","4","gatePassRequests","/company/gate-passes","True","True"
"38004","กล่องอนุมัติใบขอนำทรัพย์สินออก","3","gatePassApprovalInbox","/company/gate-pass-approvals","True","True"
"38005","ตรวจปล่อยทรัพย์สินออก","2","gatePassExitCheck","/company/gate-pass-exit-check","True","True"
"38006","ติดตามรับทรัพย์สินกลับ","2","gatePassReturnTracking","/company/gate-pass-returns","True","True"
"38007","ใบขอนำทรัพย์สินออกของฉัน","4","myGatePasses","/company/my-gate-passes","True","True"
"38008","รายงานการนำทรัพย์สินออก","3","gatePassReports","/company/gate-pass-reports","True","True"
"39001","พื้นที่ตรวจ 5ส","1","fiveSInspectionAreas","/company/five-s/inspection-areas","True","True"
"39002","Template และเกณฑ์คะแนน 5ส","1","fiveSTemplates","/company/five-s/templates","True","True"
"39003","ทีมตรวจ","1","fiveSInspectionTeams","/company/five-s/inspection-teams","True","True"
"39004","แผนและรอบตรวจ","1","fiveSInspectionPlans","/company/five-s/inspection-plans","True","True"
"39005","ตรวจ 5ส","4","fiveSInspections","/company/five-s/inspections","True","True"
"39006","ยืนยันผลตรวจ","2","fiveSInspectionConfirmations","/company/five-s/inspection-confirmations","True","True"
"39007","ข้อบกพร่องและการแก้ไข","2","fiveSFindings","/company/five-s/findings","True","True"
"39008","ประวัติผลตรวจ","3","fiveSInspectionHistory","/company/five-s/inspection-history","True","True"
"39009","รายงานคะแนนและข้อบกพร่องค้าง","3","fiveSReports","/company/five-s/reports","True","True"
"39010","ตั้งค่าระบบ 5ส","2","fiveSSettings","/company/five-s/settings","True","True"
"40001","ตั้งค่าระบบแบบสอบถาม","2","surveySettings","/company/survey-settings","True","True"
"40002","แบบสอบถาม","4","surveys","/company/surveys","True","True"
"40003","กล่องอนุมัติแบบสอบถาม","3","surveyApprovalInbox","/company/survey-approvals","True","True"
"40004","ส่งและติดตามแบบสอบถาม","2","surveyDelivery","/company/survey-delivery","True","True"
"40005","ผลตอบและสรุปผล","3","surveyResults","/company/survey-results","True","True"
"40006","รายงานแบบสอบถาม","3","surveyReports","/company/survey-reports","True","True"
"41001","ตั้งค่าระบบค่าใช้จ่าย","2","expenseSettings","/company/expense-settings","True","True"
"41002","ประเภทค่าใช้จ่าย","1","expenseCategories","/company/expense-categories","True","True"
"41003","เงินทดรองและเคลียร์เงิน","4","expenseAdvances","/company/expense-advances","True","True"
"41004","ใบขอเบิกค่าใช้จ่าย","4","expenseClaims","/company/expense-claims","True","True"
"41005","กล่องอนุมัติค่าใช้จ่าย","3","expenseApprovalInbox","/company/expense-approvals","True","True"
"41006","ติดตามการจ่ายและเคลียร์เงิน","2","expenseSettlements","/company/expense-settlements","True","True"
"41007","ค่าใช้จ่ายของฉัน","4","myExpenses","/company/my-expenses","True","True"
"41008","รายงานค่าใช้จ่าย","3","expenseReports","/company/expense-reports","True","True"
"42001","ตั้งค่าระบบบริหารโครงการ","2","projectSettings","/company/project-settings","True","True"
"42002","หมวดงบประมาณโครงการ","1","projectBudgetCategories","/company/project-budget-categories","True","True"
"42003","โครงการ","4","projects","/company/projects","True","True"
"42004","งานของฉัน","2","myProjectTasks","/company/my-project-tasks","True","True"
"42005","รายงานโครงการ","3","projectReports","/company/project-reports","True","True"
"43001","ตั้งค่าระบบ Intranet","2","intranetSettings","/company/intranet-settings","True","True"
"43002","เนื้อหา Intranet","4","intranetContent","/company/intranet-content","True","True"
"43003","กล่องอนุมัติเนื้อหา Intranet","3","intranetApprovalInbox","/company/intranet-approvals","True","True"
"43004","Intranet ของฉัน","3","myIntranet","/company/my-intranet","True","True"
"43005","รายงานและประวัติ Intranet","3","intranetReports","/company/intranet-reports","True","True"
"44001","ตั้งค่าระบบโหวต","2","voteSettings","/company/vote-settings","True","True"
"44002","หัวข้อโหวต","4","votes","/company/votes","True","True"
"44003","กล่องอนุมัติหัวข้อโหวต","3","voteApprovalInbox","/company/vote-approvals","True","True"
"44004","โหวตของฉัน","3","myVotes","/company/my-votes","True","True"
"44005","ผลและรายงานการโหวต","3","voteResults","/company/vote-results","True","True"
"45001","ตั้งค่าระบบขาย","2","salesSettings","/company/sales-settings","True","True"
"45002","ขั้นตอนการขาย","1","salesPipelineStages","/company/sales-pipeline-stages","True","True"
"45003","ลูกค้าเป้าหมาย","1","salesLeads","/company/sales-leads","True","True"
"45004","โอกาสการขาย","1","salesOpportunities","/company/sales-opportunities","True","True"
"45005","กิจกรรมติดตาม","1","salesActivities","/company/sales-activities","True","True"
"45006","งานขายของฉัน","2","mySalesTasks","/company/my-sales-tasks","True","True"
"45007","รายงานการขาย","3","salesReports","/company/sales-reports","True","True"
"46001","ตั้งค่าระบบ POS","2","posSettings","/company/pos-settings","True","True"
"46002","จุดขายและเครื่องขาย","1","posOutletsTerminals","/company/pos-outlets-terminals","True","True"
"46003","สินค้า ราคา และสต็อกตามจุดขาย","1","posOutletItems","/company/pos-outlet-items","True","True"
"46004","ขายหน้าร้าน","4","posSales","/company/pos-sales","True","True"
"46005","กะเงินสด","4","posCashShifts","/company/pos-cash-shifts","True","True"
"46006","คืนและยกเลิกรายการขาย","4","posReturns","/company/pos-returns","True","True"
"46007","รายงาน POS","3","posReports","/company/pos-reports","True","True"
"47001","ตั้งค่าระบบประเมิน","1","evaluationSettings","/company/evaluation-settings","True","True"
"47002","แบบประเมิน","1","evaluationTemplates","/company/evaluation-templates","True","True"
"47003","รอบประเมิน","4","evaluationRounds","/company/evaluation-rounds","True","True"
"47004","กล่องอนุมัติรอบประเมิน","3","evaluationApprovals","/company/evaluation-approvals","True","True"
"47005","งานประเมินของฉัน","3","myEvaluations","/company/my-evaluations","True","True"
"47006","ผลประเมิน","3","evaluationResults","/company/evaluation-results","True","True"
"47007","รายงานการประเมิน","3","evaluationReports","/company/evaluation-reports","True","True"
