"MigrationID","ProjectCode","Checksum","AppliedUtc"
"20260907090000_LAOO_SERVICE_central_item_inventory","LAOO_SERVICE","2D6F01AEF89FCA823FE0F6CAB26D70679B3498771456234A17EEBA5214F8E02D","9/7/2026 2:41:09 PM"
"20260907091000_LAOO_SERVICE_opening_stock","LAOO_SERVICE","6AFAE59B47A1139D2000C5C9DF7C0C3A4DE98AD8890A062255C3B9C8F75E90EF","9/7/2026 2:41:09 PM"
"20260907092000_LAOO_SERVICE_inventory_menus","LAOO_SERVICE","7C348737E2BCC90748CD2DDAC304E038F4B603EECE8026668D71C8EE34AE85E1","9/7/2026 2:41:09 PM"
"20260907130000_LAOO_SERVICE_link_inventory_menus","LAOO_SERVICE","8831EB673079A2BCD55BBFB973E4E71AA7B89818FC468362A9BABA61978E8C46","9/7/2026 4:07:40 PM"
"20260908090000_LAOO_MEETING_food_option_quantity","LAOO_MEETING","4FE0D022257A7CA1A7AD2CBAA4992EE635A3C14897E35A45C9512B23C03FB148","9/7/2026 11:45:59 PM"
"20260908091000_LAOO_MEETING_booking_cancel_remark","LAOO_MEETING","550DEE38EB338B836971E24D893A904A3FC13B1A549775CCB780DF655D7D8E3D","9/7/2026 11:52:38 PM"
"20260908110000_LAOO_MEETING_participant_food_orders","LAOO_MEETING","02A71F4CAB009CDF7256ED9A6480A7015972F6BC3B04E07F2C3EEEA39BBDEAA7","9/9/2026 1:23:17 PM"
"20260908110000_LAOO_move_inventory_sales_to_center","LAOO","4E0EAA812796CD8CC6CE5F708251723FBB55A4CE6CD8DA8D938717E0D6D2D9C9","9/8/2026 1:25:12 AM"
"20260908113000_LAOO_move_assets_to_center","LAOO","1CCB3897E27DAE4B1BF0B196BF032081FE8E271FCBD80D15FBEA45119F849716","9/8/2026 2:07:22 AM"
"20260908120000_LAOO_company_business_type","LAOO","B486C23D0A84778218C7BE94C935531434E726A0D980A2AD38E3D74BB4D132C1","9/8/2026 9:55:30 AM"
"20260908120000_LAOO_MEETING_participant_check_in","LAOO_MEETING","DDB5EE8D08D137CEDE258DB775968FEDC7262FA1B2331D444C992E9D5C8510CB","9/9/2026 1:23:17 PM"
"20260908130000_LAOO_company_person","LAOO","BE9C65E398C871235384D77B831791328506777D0F3CD03A5626FFF47D9A255A","9/8/2026 10:53:57 AM"
"20260908130000_LAOO_MEETING_qr_food_receipts","LAOO_MEETING","DCB0EFB28A6E4F586B7A609EC8070D267F43351C584C079851A33F71A8CD92B7","9/9/2026 1:23:17 PM"
"20260908140000_LAOO_core_locations","LAOO","C1374568022DAF15F200458DC3F82A318FEE51BD7A3C235291E21E5D00466CCB","9/8/2026 11:31:55 AM"
"20260909090000_LAOO_MEETING_summary_attendance_menus","LAOO_MEETING","190D2D8F0FE63623EDED4A1BB04B8E2F679F302FC13CABA9EB59E583A742258C","9/9/2026 1:23:17 PM"
"20260909100000_LAOO_branch_warehouse_user_access","LAOO","59C9A2687DA8E70886146D7DBBE316A5E6AD9EE6A60A985457CB7C5276B4116E","9/9/2026 3:41:50 PM"
"20260909100000_LAOO_branch_warehouse_user_access_legacy_v1_checksum","LAOO","009346B04678B7ABFF0D71591DB272EC19061640E447CC6CC2EE40F2FDBA0B8D","9/9/2026 3:41:50 PM"
"20260909100000_LAOO_MEETING_invitation_permissions","LAOO_MEETING","15A34A278E5E4AB569C29FEDA2C42D470F6D50438560DB5C703178B9711B6C93","9/10/2026 12:59:18 PM"
"20260910120000_LAOO_item_project_defaults","LAOO","7A3B0420ACEF4A20C636E4AAFB9E6273B8A15601F8389CAD8247B6330F32D71D","9/10/2026 12:28:25 AM"
"20260910140000_LAOO_MEETING_participant_response_groups","LAOO_MEETING","FC16F3E1C011DBBE8DD59814A61342620AC648BD0BC230C4488FE2424D8CB25D","9/10/2026 4:05:38 PM"
"20260910150000_LAOO_vendor","LAOO","B5F271EB0102BF4ECA0DD7B148F3F9C37A204F5B6C3C1554885D4098D5D4587F","9/10/2026 6:08:57 AM"
"20260910170000_LAOO_receipt_vendor_serial","LAOO","AAAC041483DBA6DDEAB3503066C8BF6F3E585BA285D94F955BB75782253AAD25","9/10/2026 11:55:31 AM"
"20260911100000_LAOO_MEETING_late_participant_response","LAOO_MEETING","A79DB57D7C84547BC7C5E51A6A5F8244EEC13BFBE056686869A529CCE9FBC3B3","9/10/2026 11:34:12 PM"
"20260911143000_LAOO_serial_registry_core","LAOO","F17CEC422BEDEAE31654E615645FBD558C723B6A1917EB4F557374111F8D946D","9/11/2026 12:00:28 AM"
"20260911170000_LAOO_item_serial_warranty","LAOO","DCBA33FEC08D011BC03DFC537D9E703DA9C00F588E1EEE771897C6CCD69BE658","9/11/2026 12:40:46 AM"
"20260911173000_LAOO_item_serial_warranty_history","LAOO","7AC3D2F1AE582DFBDD1B20C7195720A8B9F26914FA2E57A2916601C8C4914EB6","9/11/2026 12:47:03 AM"
"20260911180000_LAOO_TIME_bootstrap","LAOO_TIME","A0B08D3E4BD16A1BEFD8478BD2CE2FF5A36F6BA1E0AE5C8EDB39CFE0D86CF824","9/11/2026 5:50:19 AM"
"20260911183000_LAOO_stock_receipt_pack_unit","LAOO","70C80726859209940B8A7FF65150409280F8D0987FBA52FA31A27801211D92BA","9/11/2026 5:22:50 AM"
"20260911190000_LAOO_TIME_foundation","LAOO_TIME","E751ABD5B0374E18CAC58899B1721191276D75D2FACB79898CA19215835EBFAA","9/11/2026 5:50:19 AM"
"20260911191000_LAOO_TIME_foundation_invariants","LAOO_TIME","ED257BE6540D1F7E2BBA34B903FC0D5D2494399E07C4C638A02BC6B754651993","9/11/2026 5:52:52 AM"
"20260911200000_LAOO_person_resident_menus","LAOO","A549F0B1FEE0B2E19E014742F863966230451BD9C6C950646D56107A04E04E19","9/11/2026 11:32:57 AM"
"20260911200000_LAOO_TIME_shift_schedule","LAOO_TIME","02AAF42C523A285F0DD74ED72EE0EE7A31018C3E8EB01A29FA0FECC07EC4A340","9/12/2026 11:17:39 AM"
"20260911201000_LAOO_TIME_preview_activate","LAOO_TIME","2C91BD786BA258E373B3010322CE7E0E17FB48D8E72A626006F3D87714AA5300","9/11/2026 1:17:34 PM"
"20260911201000_LAOO_TIME_shift_schedule_invariants","LAOO_TIME","C404175874E590803C15941679C59E8346664AAF775783E9B6107ED7B84A4570","9/12/2026 11:17:39 AM"
"20260911203000_LAOO_item_responsible_department","LAOO","6F8D59B8A5758ADD8C9351B727687A218F792FBF64F29EBC77DD9BE4C00B382C","9/11/2026 3:06:35 PM"
"20260912120000_LAOO_company_setup_receive_stock_immediately","LAOO","60BD54BD3C9103A617E300AA7F718858DED7E1AEC93E8894151864EF82CB5FA3","9/12/2026 11:03:08 AM"
"20260912130000_LAOO_stock_receipt_sub_permission","LAOO","662C838240401CF90DF00FD20F24A674E825AB7F1C8E9511D33EC9114697ED10","9/12/2026 11:03:08 AM"
"20260912140000_LAOO_fix_stock_receipt_sub_permission_thai","LAOO","717CC5E6D8DD4FC6669392040AD99ADBD6197AC956EA0AD5553B6C5E8981CB75","9/12/2026 11:03:08 AM"
"20260912150000_LAOO_receive_stock_price_mode","LAOO","7E241070B55A1A3DA51BF39DD6FBE4F8BA1B0D615D71F2F96EA59EAE9204E10F","9/12/2026 11:03:08 AM"
"20260912160000_LAOO_MEETING_room_items","LAOO_MEETING","69AD5CB33D7ACAA6844510FF86FA102A76620731581C478B1DA9BA0DA5B76336","9/12/2026 7:03:26 AM"
"20260912160000_LAOO_person_contact_roles","LAOO","A9B4EBC6AA272D9CF6F8B578DD7C62171E281847EDA7813014CB8A49AD709830","9/12/2026 11:03:08 AM"
"20260912165000_LAOO_TIME_time_correction","LAOO_TIME","7E894A93C3E5DD2B0422D8F0F3FDD92CBC5D37CD480ACE6A79F28C1446EA425A","9/12/2026 11:20:59 AM"
"20260912170000_LAOO_SERVICE_resident_project_screen","LAOO_SERVICE","5B9BBACCA7C47466993B27D4AB6C814E6568A5B8192739A9301486EF068ABA27","9/13/2026 4:38:27 AM"
"20260912173000_LAOO_time_correction_bootstrap","LAOO","1CD8601B4802C5CE181DC09DF77B1A9C6D314B59F17F6719E55D8A54F278A169","9/12/2026 11:05:11 AM"
"20260912190000_LAOO_MEETING_equipment_requests","LAOO_MEETING","E341B68EEEC1D821A464A7B69B02945853D9C88A01F64D0807CA2B3FC015CB56","9/12/2026 11:36:51 AM"
"20260913044500_LAOO_SERVICE_service_person_feature","LAOO_SERVICE","41898F91BF50DE5B8DD6AD13288D424F478D6252E3F93D96FF382ED132FA824E","9/13/2026 5:31:35 AM"
"20260913100000_LAOO_TIME_activate_shift_schedule_menus","LAOO_TIME","B54DA3CF2EAE49A3A6C1CD45A424CCA9892280DD6FE889C51AD8687B480040C2","9/13/2026 5:01:54 AM"
"20260913110000_LAOO_MEETING_equipment_request_flow","LAOO_MEETING","5167DBE72F3D4A14BDEE67C391CC0407C4B97A9ED0C288204D51DCBB7F8C555F","9/13/2026 2:27:36 PM"
"20260913110000_LAOO_TIME_attendance_results","LAOO_TIME","962DF7EB46BA832C5A91C7167ADE2095521ED88E02EAB3F87C4CE5B715BBCD4A","9/13/2026 5:26:54 AM"
"20260913120000_LAOO_MEETING_system_settings_menu","LAOO_MEETING","1E1616C33DC3EF0453A482D2E4E629DDA367F9805B80871B90B764FC02A1D50C","9/14/2026 1:07:51 PM"
"20260913135000_LAOO_time_raw_attendance_bootstrap","LAOO","29FB31797BA18434F8E5E109207D99181DF99C6ECBCC6B9F8AE20DA9E5CA1531","9/13/2026 6:59:31 AM"
"20260913142000_LAOO_time_attendance_results_bootstrap","LAOO","CB4F0889E77EF802B51E2C2BC8FE5B90EEACB5A0DE4DAF5EC0050A2B1C787777","9/13/2026 8:18:01 AM"
"20260913150000_LAOO_SERVICE_service_person_roles","LAOO_SERVICE","753ADC081E7E2648B5574AD9AAEA81F6CA77177218B78DBA093835DEA9788DC2","9/13/2026 2:20:53 PM"
"20260913151000_LAOO_SERVICE_service_person_audit","LAOO_SERVICE","A1B12BF3BFB84155E1B3E922D7B5E55ADE7EBFC9DFA5FAAF07310CA38273051B","9/13/2026 2:42:54 PM"
"20260913160000_LAOO_time_attendance_period_bootstrap","LAOO","875BAA783EAFB668F250ED4A59C137D0DEF124AB24268183A258D3F5E7001F40","9/13/2026 3:16:40 PM"
"20260913170000_LAOO_shared_location_master","LAOO","76B68B7E29D00ADAE3638FAAF9D4226BF3883A59F9359E1CED3527FA1F664CB4","9/13/2026 4:19:15 PM"
"20260913170000_LAOO_TIME_attendance_periods","LAOO_TIME","654E73C71FC12006071236AEAAA7FC8C71D3723E92339CC7E2AEDD33DD0FB468","9/13/2026 3:35:49 PM"
"20260914090000_LAOO_SERVICE_fix_service_person_feature_gate","LAOO_SERVICE","E3658365993E8162EEFB51584C24C6DD66A8DCF2BA354A0AC435ABE57EF39652","9/13/2026 5:09:01 PM"
"20260914110000_LAOO_split_person_role_screens","LAOO","C8F21899FECA1C21CB01350799337DAADF1DFBCE3B338D12C92B428686E6445A","9/14/2026 2:12:21 PM"
"20260914130000_LAOO_MEETING_booking_activity_type","LAOO_MEETING","7F223B4D7B3553A565D930B9A58581A1C111714E5E70F8D1EB9D0379C2BA86C4","9/14/2026 2:39:25 PM"
"20260914180000_LAOO_time_attendance_summary_report_bootstrap","LAOO","E61C80AE14B50BED789792A79C4FD68B854007835E78FFEF0B4A51C5966DC1C0","9/14/2026 6:01:41 AM"
"20260914190000_LAOO_employee_organization_assignment","LAOO","BE3BF287B326583C700635B6D10D23F602F75B96643B97F379A55A5C96EE3AED","9/14/2026 6:01:41 AM"
"20260914200000_LAOO_time_holiday_calendar_bootstrap","LAOO","038FFD0144114865A9E5ECC897517014167C5423766504C727B9F8AD435C5B88","9/14/2026 12:41:42 PM"
"20260914210000_LAOO_TIME_holiday_calendars","LAOO_TIME","B5CA88C2C0FA14FA497796EBD56EAEBE209EE3065100C6A978C31A6E0A23DE59","9/14/2026 12:56:12 PM"
"20260914210000_LAOO_time_my_attendance_history_bootstrap","LAOO","49B9EA70CEE5EE2A5024359EE3B7DCF26572DFFD83653780665CCD6956F9F8F0","9/14/2026 4:29:01 PM"
"20260915100000_LAOO_training_project_bootstrap","LAOO","F72C864980E546C16B741F9CF52FCBBFCD5EB6073710699F28F75854A0459F25","9/15/2026 7:33:05 AM"
"20260915110000_LAOO_time_leave_bootstrap","LAOO","E3C2E78D0301D420355D57EC12F1A08DDB718F1972100556F30596B2659AA328","9/15/2026 7:33:06 AM"
"20260915110000_LAOO_TIME_leave_foundation","LAOO_TIME","0FADCA45A33602BE40A0D0E4DBE63A385AB23DB839913D9D0F3EF99A5E0B22CA","9/15/2026 4:54:47 AM"
"20260915120000_LAOO_training_navigation_permission_baseline","LAOO","5FE971D0CAB5B066F6827B4FCB8CFE9CB35DB3E18835D7EF7A0FF4605C569F66","9/15/2026 8:27:36 AM"
"20260915143000_LAOO_TRAINING_master_types_instructors","LAOO_TRAINING","E4DAAD74C53C560ECB358534E7C12EBA6FA63C9A9B7A81DE7B76BEEF6A0F801C","9/15/2026 3:38:09 PM"
"20260915150000_LAOO_MEETING_booking_training_contract","LAOO_MEETING","F4B4F2AE268E39767BFBC767DB208990103EB4FC519B453C9D3EB0EC8B49DA08","9/16/2026 1:22:06 AM"
"20260916100000_LAOO_time_leave_balance_bootstrap","LAOO","656BBDB1DD2D781FA281120D28E8B1E3CEB65B935D06EC6302AC84804E4F544D","9/16/2026 1:30:49 AM"
"20260916110000_LAOO_time_leave_balance_generate_permission","LAOO","B76E79878C7060E3D2B726968F4A61D9E51C2A91809F40FFF6FB4E65E7F97E3C","9/16/2026 1:30:49 AM"
"20260916120000_LAOO_TIME_attendance_leave_application","LAOO_TIME","6268D70885450D2EA0AF4CC2FC18F14623922BE4B9C79C1B297E46162BC37EF9","9/16/2026 4:12:31 AM"
"20260916140000_LAOO_gate_pass_project_bootstrap","LAOO","CC9D86CABE9E31F24048BEB524ACEE1F0EBB6F13AECD754F9D9D719D7CF38DD1","9/19/2026 11:57:38 AM"
"20260916141000_LAOO_gate_pass_navigation_permission_baseline","LAOO","2B593D46457DD47A736DBB6B225F6F044520D107F83E1598E1CCB178F487EB1F","9/19/2026 11:57:38 AM"
"20260916142000_LAOO_five_s_project_bootstrap","LAOO","AF99D60C75A6D86B26EFE72341CD70D2D9ED85AE7D7D216E2E63A8A4426DC3EE","9/19/2026 11:57:38 AM"
"20260916143000_LAOO_five_s_navigation_permission_baseline","LAOO","93D852595839863586D9EA23D67793F51D1B5673194DE357AB1B0C8225128C1D","9/19/2026 11:57:39 AM"
"20260916144000_LAOO_survey_project_bootstrap","LAOO","C0455477A757AC782A3AD0EBFB89AD1AD5DA9AAC5580C72DC01C53B2215954C3","9/19/2026 11:57:39 AM"
"20260916145000_LAOO_survey_navigation_permission_baseline","LAOO","57F496D96E9E83F303AA51687BFD384EC4316DEF9FA7DA7F23B3B198E5EB39FC","9/19/2026 11:57:39 AM"
"20260916146000_LAOO_expense_project_bootstrap","LAOO","B3F7F64A2E232FC94955ED0B4C10E9ABDD389F633CDEF478D967AA772D244EE3","9/19/2026 11:57:39 AM"
"20260916147000_LAOO_expense_navigation_permission_baseline","LAOO","C90196037A4E1E260A81997B219E9F108C134394FE2F1E90B2B987833BC65F9F","9/19/2026 11:57:39 AM"
"20260917100000_LAOO_project_project_bootstrap","LAOO","82D7C45900B7CF13E88BB4B05BF2054DC5A92B51F9FD37DE3B328691467FD676","9/19/2026 11:57:39 AM"
"20260917101000_LAOO_project_navigation_permission_baseline","LAOO","9E2B6BD68904BB362C871C38AD2E7ACAE47522B1BD362BC7E9EF856AAFADC093","9/19/2026 11:57:39 AM"
"20260919100000_LAOO_intranet_project_bootstrap","LAOO","A65F1494EA2DA144FEE155E675B9443F9E3A35585DE78D9EEEDC6BF22CAAFD5E","9/19/2026 4:41:49 PM"
"20260919100000_LAOO_TRAINING_pre_post_tests","LAOO_TRAINING","76C4ACCE60555F4E32E429DAE32FB4B72CC9D44107103EA68E00F29E4415EC77","9/19/2026 11:36:23 AM"
"20260919101000_LAOO_intranet_navigation_permission_baseline","LAOO","062CAAD5348225E97E1C9D551296F4F6A27131D4653905E9165F87D20C8F4423","9/19/2026 4:41:49 PM"
"20260919110000_LAOO_vote_project_bootstrap","LAOO","0A5E0AA0D788B0967E39681E9E26A62AB962515A3F8480429F06A40DEB56AF32","9/19/2026 4:41:49 PM"
"20260919111000_LAOO_vote_navigation_permission_baseline","LAOO","C4D30D55058778FE8FA3303B2E853C5DBF3BB14FC27E19FB442E8CD12C5C3BAD","9/19/2026 4:41:50 PM"
"20260919120000_LAOO_sales_project_bootstrap","LAOO","7C1296244B22BD9EE8C05258F886A091DE74B19F3EBEA33D0301F9F851F693C9","9/19/2026 11:52:39 PM"
"20260919121000_LAOO_sales_navigation_permission_baseline","LAOO","A12B3F7BF84ECC1AFFEA14D8AF6A2EAEE099A6DE1F772778D55A6D5BB6AC7A1C","9/19/2026 11:52:39 PM"
"20260919130000_LAOO_time_leave_report_bootstrap","LAOO","68F3B72A4B9ABF575DA433A589CE82CA9DC80EFA24D5EEEFFC2AD142178F6EA5","9/19/2026 11:57:39 AM"
"20260919140000_LAOO_TIME_activate_leave_report","LAOO_TIME","F9757F4DDB53377A8957DB630AD2C1A0A4F17EB20F5EC753315844BFC5E9CE31","9/19/2026 11:59:15 AM"
"20260919140000_LAOO_training_test_template_navigation_baseline","LAOO","C6B22744C24FA9BFE53D9C737C7C3E7501F27E846EE74A7A7927813ED6BAAE20","9/19/2026 3:47:51 PM"
"20260919150000_LAOO_time_payroll_export_bootstrap","LAOO","DF5BEAC5F58082ADCFC4D59607554CE90F8127902A5186B0BCBD19A61E4DF31D","9/19/2026 4:23:58 PM"
"20260919150000_LAOO_TRAINING_test_templates","LAOO_TRAINING","35DD96E5B110A0AED4B03BCB66E518B73CCA85A4B2978B9805ED15FE49E905F4","9/19/2026 5:23:22 PM"
"20260919160000_LAOO_TIME_payroll_export_foundation","LAOO_TIME","EAA7FAC2D8390E3C811BA3891963AE41AFE07CE549EE7473C7FF17395CB448FD","9/19/2026 12:23:16 PM"
"20260919161000_LAOO_TIME_activate_payroll_export","LAOO_TIME","D5763D439DDDCA94975685FD7BFC948EAB4B361E3F3B9680BF79E91F3B2E981B","9/19/2026 4:29:10 PM"
"20260920100000_LAOO_pos_project_bootstrap","LAOO","C4E1673ED9EF15C2063F4DF1CF7BA02DB35A72C54C3CEEC5E663EC7495CB0BC9","9/19/2026 5:43:17 PM"
"20260920100000_LAOO_TRAINING_booking_exam_template_selection","LAOO_TRAINING","A651CC28F24DD2CA6BAD281FCEC44207E9BFECC0C2EDA56B570E405C29D90CD3","9/20/2026 11:05:25 AM"
"20260920101000_LAOO_pos_navigation_permission_baseline","LAOO","BFE96FC90DA2FD0DBF5C46CC6CC54A21C91C6D517BA53C990F7C7C285DB143D7","9/19/2026 5:43:17 PM"
"20260920110000_LAOO_evaluation_project_bootstrap","LAOO","A657AC0FAEB652210897B3211D5B843E886DCED9A1CEB9A36E5963E7FCF7E81B","9/20/2026 1:41:50 AM"
"20260920111000_LAOO_evaluation_navigation_permission_baseline","LAOO","987294C322022DD5863BCC142104F52D13A77C665EE4313BDA1279B1CB65FAE0","9/20/2026 1:41:50 AM"
"20260920120000_LAOO_project_settings_preview_baseline","LAOO","26F8380BEA6741ECB8C04D10C32A0BE5ED58E22FCF8C43F71416F4611A93376E","9/20/2026 3:10:33 AM"
"20260920121000_LAOO_project_settings_preview_caption_fix","LAOO","DB8BB16D509F24E8FFC1D828BF62E380D67B80365F6B03143287E9D3577469F3","9/20/2026 3:17:45 AM"
"20260920122000_LAOO_project_settings_preview_caption_spacing_fix","LAOO","78B34E71CBFDD5143219F87A9179EAEF066FFDEF605878D5AF8D972D4693126D","9/20/2026 3:20:30 AM"
"20260920130000_LAOO_menu_management_bootstrap","LAOO","4A12D10ECE15698D661D8DC4301F071D50F928250069442A848B3DF24AE11429","9/20/2026 4:39:08 AM"
"20260920140000_LAOO_core_rental_office_village","LAOO","7C6616D224891AF091A342333EB858E521AE59D180BDB8F06C8D21239846B787","9/20/2026 2:41:03 PM"
"20260920150000_LAOO_VISITOR_settings_and_checkin","LAOO_VISITOR","3BBF2A6AFCF7D0DCC8318EA7D149F2ECA7214144A824F5E30BC5508DBE8C5FC3","9/20/2026 11:11:37 AM"
"20260920162000_LAOO_VISITOR_multi_host","LAOO_VISITOR","308C648391D0A73F26429DAB77A6BD54133689E0B14B7933EF790D3AA98A42B9","9/20/2026 12:27:07 PM"
"20260920213000_LAOO_VISITOR_guarantor_by_room","LAOO_VISITOR","AD3582AE54F45F31598F10E050478B5C4058D30003FC080FCC7CF867ECBA1860","9/20/2026 1:59:37 PM"
"20260920223000_LAOO_VISITOR_contact_points","LAOO_VISITOR","35DFC177C956BB0943089552A3611FCEB6FCC03395D0BCAA9871B03A782867CC","9/20/2026 2:31:40 PM"
"20260921100000_LAOO_core_unified_resident_registry","LAOO","4DF5537D0D338891DD355C4232DF3B6795EFB6AAF445536DF27AC43C53F91D32","9/21/2026 5:50:59 AM"
"20260921100000_LAOO_training_results_navigation","LAOO","FB9EDEBFCA895F9E2E9B00F7F29C48A5F95771B7207271794C722CC4EADC91E4","9/21/2026 5:53:03 AM"
"20260921100000_LAOO_VISITOR_business_location_hosts","LAOO_VISITOR","7A14A9025D99FD546A7F832F87B5BCBA57DFB6E32046816AD8CB4A23D4564BDB","9/21/2026 4:27:55 PM"
"20260921110000_LAOO_visitor_site_zone_gate_menu_activation","LAOO","A6511CF226EEBD5997482D8FDE5D22255C48A86F0202542311D08B70B7136F9F","9/21/2026 12:16:49 PM"
"20260921120000_LAOO_navigation_visitor_group_activation","LAOO","CF3D7C5FB059B62B85288B73F2A8F6D08FC6C5EC54873D4A35088716143F8886","9/21/2026 12:35:01 PM"
"20260922100000_LAOO_SERVICE_repair_requests","LAOO_SERVICE","F11541CECE382179D2365A32EBA09600C76C8405FBFD1AC804531E0066EE3A72","9/22/2026 12:16:07 AM"
"20260922100000_LAOO_TRAINING_my_training_navigation","LAOO_TRAINING","E872668DB24D5A0A90DE44318126C8A3A4738E12513C156F4DA537AD1C257435","9/22/2026 4:39:38 AM"
"20260922150000_LAOO_MEETING_room_support_tasks_permission","LAOO_MEETING","62430972EA970F6AA209ED2E7CAEF63A698A83372D2C139B028E1DED963414B9","9/22/2026 11:53:40 AM"
"20260922150000_LAOO_SERVICE_repair_request_equipment","LAOO_SERVICE","F387D2A288ACB814892002A2C8B5754830645F832424F327DBEDE3779DEF01F0","9/22/2026 1:36:21 AM"
"20260922170000_LAOO_core_unified_resident_houseid_repair","LAOO","61B8787F43DA5E41F15F4D631B8B4BBA4A8D4136A27F243146F12F3CC3DF5B21","9/22/2026 5:53:17 AM"
"20260922170000_LAOO_TRAINING_booking_exam_sequence","LAOO_TRAINING","17D84B5A810F0715B9895E7D047DAEF74CD299197B023F0B65CB4BE011355B3D","9/22/2026 2:37:30 PM"
"20260922180000_LAOO_core_resident_unassigned_room","LAOO","913949266AB375DF2BB8DC406FC2D5301BA5CB103DC4B0A2C81D1B8528FD6B8E","9/22/2026 12:43:40 PM"
"20260922190000_LAOO_core_resident_startdate_nullable","LAOO","50DF9B6E20C76CBA39EE0C193F3F6D921C637F2754EA3886ECF221AC3835F149","9/22/2026 2:25:56 PM"
"20260923100000_LAOO_core_employee_service_technician","LAOO","A641DEC3B89C30896F236FEDB6FB936F7AC7F6EF8CFC28165EF3B9C5F6841D08","9/22/2026 11:26:45 PM"
"20260923100000_LAOO_MEETING_food_distribution_menu","LAOO_MEETING","C36AFFA4E8F396CD42F2EA98F277C49D2C87FB7822AABCE77415CA63655A9DCE","9/22/2026 11:54:20 PM"
"20260923100000_LAOO_TRAINING_multiple_booking_exams","LAOO_TRAINING","A64D1ACA0BD816FCD0174CEDD39D8D56BACB443AA9C477950FF9224EDCC34EA2","9/22/2026 10:45:57 AM"
"20260923100000_LAOO_VISITOR_visit_outcome_evidence","LAOO_VISITOR","79C360B78F139E7C2064D282E6DE47BA0437868223F7A96D316C82F1DF1F1F64","9/23/2026 1:15:50 AM"
"20260923110000_LAOO_SERVICE_repair_workflow","LAOO_SERVICE","5536BE4FC07472C300419C7B4E6ECAFAE7A76AB64A36747482462FB346E21644","9/22/2026 11:26:56 PM"
"20260923120000_LAOO_SERVICE_request_attachments","LAOO_SERVICE","674C115DC2F9C4CC76F636CDFCC652379B56FD02AEE0B9C85B760F92C3C4E9B8","9/23/2026 1:05:06 AM"
"20260923130000_LAOO_core_in_app_notifications","LAOO","99459DF0AAAF2CE708A4A365097D36C8F64AEA5A6CA80C59435BB9E9108E7462","9/22/2026 11:43:06 PM"
"20260923130000_LAOO_SERVICE_system_settings","LAOO_SERVICE","222347B6997FFEDB0FC73411AD3DB127DED6F2C315B16668C8F7D35B911D7A84","9/23/2026 4:32:32 AM"
"20260923131000_LAOO_core_employee_notify_in_system","LAOO","BE5B7D0690BD646735E404E7E871B437D57CFAAC82EBA2D84E46B642433C5490","9/22/2026 11:48:00 PM"
"20260923150000_LAOO_SERVICE_request_subject_master","LAOO_SERVICE","D764FACADD6932039A4437A9A12DE07DBCE6B172C911D51E6D5C8327C6A8BB12","9/23/2026 2:30:19 PM"
"20260924100000_LAOO_MEETING_room_slot_usage","LAOO_MEETING","BBB21AEE375FC064DAAA95ABF6772005731000C6DB5C77547D9A5456D373EB70","9/24/2026 12:13:36 AM"
"20260924100000_LAOO_visitor_host_confirm_contract","LAOO","0D8CD50D15D315EC8883D30EE793387C7B3A2FACE6D2B7792C49111BAE343E08","9/24/2026 12:55:58 AM"
"20260924100000_LAOO_VISITOR_host_confirmation","LAOO_VISITOR","D5F05236B1B582606C05BFD8048339730233E2F0346EBA5014610F8B21019137","9/24/2026 12:09:18 PM"
"20260924110000_LAOO_SERVICE_repair_qr_portal","LAOO_SERVICE","FFC84B296837CC5AC217B773D2BB02F48615A66063D8DD5C684AD921B16B30E8","9/24/2026 6:23:23 AM"
"20260924110000_LAOO_VISITOR_host_confirmation_repair","LAOO_VISITOR","D5F05236B1B582606C05BFD8048339730233E2F0346EBA5014610F8B21019137","9/24/2026 12:13:54 PM"
"20260924110000_LAOO_visitor_pre_register_host_identity_contract","LAOO","7120BB53522E2E323448F24CF689C0F67E829166E80F3AB95C7A91518E5555C2","9/24/2026 3:16:06 PM"
"20260924120000_LAOO_EVALUATION_core","LAOO_EVALUATION","C4B58918B1577ABDB5F1CBCCF040349EA86FFB8D92F477EB7610C0DF0EAC96BB","9/24/2026 5:29:00 AM"
"20260924120000_LAOO_VISITOR_appointments","LAOO_VISITOR","63E0EB1B44FF1C2D587EE11DFED3B701A144A66BB28C50975619C34729DC938F","9/24/2026 12:30:53 PM"
"20260924123000_LAOO_EVALUATION_round_snapshot","LAOO_EVALUATION","59EC30BFDBAA69A9568E72ABDA5A19D0A42F3091DFE219740DEC7D4EE892A9F4","9/24/2026 7:33:50 AM"
"20260924124000_LAOO_EVALUATION_round_template_guard","LAOO_EVALUATION","EBFCCA5BE72F7045C02FF0D1CDA153065D488856B0969B442323025BC49ED252","9/24/2026 11:19:26 AM"
"20260924130000_LAOO_EVALUATION_navigation","LAOO_EVALUATION","3D76D7B2CCBE8867E42722F012F309BCE14EE8282953148B25B13A96383C333D","9/24/2026 12:25:29 PM"
"20260924130000_LAOO_VISITOR_appointment_rental_host","LAOO_VISITOR","10C31A0ECCB77145F86475A8E566927709A54B74FC7CCA6E663BA96E0351214E","9/24/2026 4:20:50 PM"
"20260924140000_LAOO_EVALUATION_settings_crud","LAOO_EVALUATION","6FF2886A33979E2D97D5D1BD826F8587C714F4BB04D0D073DDDDD57B817D97F1","9/24/2026 2:02:08 PM"
"20260924140000_LAOO_SERVICE_unify_work_order_menu","LAOO_SERVICE","8B14212327634477A68B469C1C534FA43D920412D0328E9733923CCC7F6830CC","9/24/2026 12:46:27 PM"
"20260924141000_LAOO_EVALUATION_settings_permissions","LAOO_EVALUATION","B402408B287B2661C65419CC8D1BB4C89E01909020B542326C7C80762F4D662C","9/25/2026 12:41:47 AM"
"20260924220000_LAOO_SERVICE_self_service_permissions","LAOO_SERVICE","875D3FFB936F3CEB73009FD1E1BE71522F6DF9F43F62DB2495CDC7A91AC6A2A2","9/24/2026 2:40:16 PM"
"20260925120000_LAOO_SERVICE_pm_foundation","LAOO_SERVICE","86D298DB2C549AD1FC9022584FC4D12A595930DE4C239CD00685364B98296377","9/25/2026 9:57:33 AM"
"20260925140000_LAOO_VISITOR_notification_outbox","LAOO_VISITOR","DDF68BCA2378A7DD38AB1F520E0E08EC58684DDA7FA1D42BEB02D28C396469D9","9/26/2026 2:52:38 AM"
"20260925160000_LAOO_MEETING_booking_evaluation","LAOO_MEETING","8BEBDEA12F1BC915B712E8A5FC93D7FBD3EE044F600B2FBB9EEE5F399E57A535","9/25/2026 1:45:54 PM"
"20260926100000_LAOO_SERVICE_request_parts","LAOO_SERVICE","8B44C29B979F9B6ECF6CAFE134C5FBF236C6644A7DB5D76ADD48E08A62D574B2","9/27/2026 2:15:14 AM"
"20260926100000_LAOO_VOTE_core","LAOO_VOTE","FE186BCA5ACBDD7A812AAA0206D9F2B8D3B34F7C5A272C5213737A4CE270B799","9/26/2026 2:59:46 AM"
"20260926110000_LAOO_VOTE_demo_data","LAOO_VOTE","86ADF5C95544DE0C7CB0C0E9654D5E748192D25639EA57447BDDE2310F404A5D","9/26/2026 4:56:49 AM"
"20260926120000_LAOO_VOTE_demo_custom_target","LAOO_VOTE","F96ADA11ADF6F967ACDD12B4482B7271C6BEAA5A338C1E6B47649F5643996D73","9/26/2026 6:31:07 AM"
"20260927100000_LAOO_SERVICE_complaints","LAOO_SERVICE","29C59E70EF0683853F2AD15BBFECE9FFD8826BB85BE971AB87226DF4A8A5B31E","9/27/2026 2:15:14 AM"
"20260927110000_LAOO_MEETING_room_return","LAOO_MEETING","F4CBD5B74470F2D07EFE412A5D1CB53041D24A6EE9D76DD9CEC1903DC2EB77F4","9/27/2026 3:16:51 AM"
"20260927150000_LAOO_visitor_exceptions_menu_activation","LAOO","E36E9D39FF110002C7E9F062B129B63F7C2BF58EB9E192C77019E226E41FA79A","9/27/2026 3:51:41 AM"
