"type","path","bytes"
"uploads","C:\laooplatform\laoo\laoo_api\wwwroot\uploads","8108287"
"uploads","C:\laooplatform\laoo-core-merge-company-hosts\laoo_api\wwwroot\uploads","1813155"
"uploads","C:\laooplatform\laoo-service-baseline-merge\laoo_api\wwwroot\uploads","1813155"
"uploads","C:\laooplatform\laoo-service-pm\laoo_api\wwwroot\uploads","1813155"
"uploads","C:\laooplatform\laoo-service-pm-operations\laoo_api\wwwroot\uploads","1813155"
"uploads","C:\laooplatform\laoo_core_visitor_exceptions\laoo_api\wwwroot\uploads","1813155"
"uploads","C:\laooplatform\laoo_core_visitor_exceptions_ready\laoo_api\wwwroot\uploads","1813155"
"uploads","C:\laooplatform\laoo_service\asset-registry\laoo_api\wwwroot\uploads","1813155"
"uploads","C:\laooplatform\laoo_service\center_single_host_worktree\laoo_api\wwwroot\uploads","1813155"
"uploads","C:\laooplatform\laoo_service\core-evaluation-phase1\laoo_api\wwwroot\uploads","1813155"
"uploads","C:\laooplatform\laoo_service\core-expense-menu-bootstrap\laoo_api\wwwroot\uploads","1813155"
"uploads","C:\laooplatform\laoo_service\core-five-s-bootstrap\laoo_api\wwwroot\uploads","1813155"
"uploads","C:\laooplatform\laoo_service\core-gate-pass-bootstrap\laoo_api\wwwroot\uploads","1813155"
"uploads","C:\laooplatform\laoo_service\core-host-notification-recipient\laoo_api\wwwroot\uploads","1813155"
"uploads","C:\laooplatform\laoo_service\core-intranet-bootstrap\laoo_api\wwwroot\uploads","1813155"
"uploads","C:\laooplatform\laoo_service\core-location-migration\laoo_api\wwwroot\uploads","1813155"
"uploads","C:\laooplatform\laoo_service\core-merge-host-notification\laoo_api\wwwroot\uploads","1813155"
"uploads","C:\laooplatform\laoo_service\core-merge-project-bootstraps\laoo_api\wwwroot\uploads","1813155"
"uploads","C:\laooplatform\laoo_service\core-pos-bootstrap\laoo_api\wwwroot\uploads","1813155"
"uploads","C:\laooplatform\laoo_service\core-project-bootstrap\laoo_api\wwwroot\uploads","1813155"
"uploads","C:\laooplatform\laoo_service\core-project-machine-independence\laoo_api\wwwroot\uploads","1813155"
"uploads","C:\laooplatform\laoo_service\core-project-portfolio-working-plan\laoo_api\wwwroot\uploads","1813155"
"uploads","C:\laooplatform\laoo_service\core-sales-bootstrap\laoo_api\wwwroot\uploads","1813155"
"uploads","C:\laooplatform\laoo_service\core-survey-menu-bootstrap\laoo_api\wwwroot\uploads","1813155"
"uploads","C:\laooplatform\laoo_service\core-time-attendance-results-bootstrap\laoo_api\wwwroot\uploads","1813155"
"uploads","C:\laooplatform\laoo_service\core-time-leave-balance-generate\laoo_api\wwwroot\uploads","1813155"
"uploads","C:\laooplatform\laoo_service\core-time-leave-report-bootstrap\laoo_api\wwwroot\uploads","1813155"
"uploads","C:\laooplatform\laoo_service\core-time-payroll-export-bootstrap\laoo_api\wwwroot\uploads","1813155"
"uploads","C:\laooplatform\laoo_service\core-time-results-placeholder-removal\laoo_api\wwwroot\uploads","1813155"
"uploads","C:\laooplatform\laoo_service\core-training-flutter-feature-integration\laoo_api\wwwroot\uploads","1813155"
"uploads","C:\laooplatform\laoo_service\core-training-test-template\laoo_api\wwwroot\uploads","1813155"
"uploads","C:\laooplatform\laoo_service\core-vote-bootstrap\laoo_api\wwwroot\uploads","1813155"
"uploads","C:\laooplatform\laoo_service\main-time-merge\laoo_api\wwwroot\uploads","1813155"
"uploads","C:\laooplatform\laoo_service\meeting_list_card_worktree\laoo_api\wwwroot\uploads","1813155"
"uploads","C:\laooplatform\laoo_service\pr62-sales-reconcile\laoo_api\wwwroot\uploads","1813155"
"uploads","C:\laooplatform\laoo_service\rebase-intranet\laoo_api\wwwroot\uploads","1813155"
"uploads","C:\laooplatform\laoo_service\run-core-migration\laoo_api\wwwroot\uploads","1813155"
"uploads","C:\laooplatform\laoo_service\service-person-roles\laoo_api\wwwroot\uploads","1813155"
"uploads","C:\laooplatform\laoo_service\time-leave-root-verify\laoo_api\wwwroot\uploads","1813155"
"uploads","C:\laooplatform\laoo_service\verify-meeting-pr43\laoo_api\wwwroot\uploads","1813155"
"uploads","C:\tmp\laoo-core-time-contract\laoo_api\wwwroot\uploads","1813155"
"uploads","C:\tmp\laoo-core-time-summary-report\laoo_api\wwwroot\uploads","1813155"
"uploads","C:\tmp\laoo-time-pr18-review\laoo_api\wwwroot\uploads","1813155"
"uploads","C:\tmp\laoo-time-review\laoo_api\wwwroot\uploads","1813155"
